{"name":"DANIEL BOVO","nameVisibility":true,"dialogue":"DANIELBOVO","title":"","texture":"http://textures.minecraft.net/texture/b5df813a8af1f2c7a343f28349f806105a25210f1020040bd5e2c8a863904e48","is_texture_resource_loc":false,"textColor":16777215,"slim":false,"pose":"sitting","trades":"{Recipes:[{buyA:{Count:1b,id:\"minecraft:air\"},buyB:{Count:1b,id:\"minecraft:air\"},buyC:{Count:1b,id:\"minecraft:air\"},sellA:{Count:1b,id:\"minecraft:air\"},sellB:{Count:1b,id:\"minecraft:air\"},sellC:{Count:1b,id:\"minecraft:air\"}},{buyA:{Count:1b,id:\"minecraft:air\"},buyB:{Count:1b,id:\"minecraft:air\"},buyC:{Count:1b,id:\"minecraft:air\"},sellA:{Count:1b,id:\"minecraft:air\"},sellB:{Count:1b,id:\"minecraft:air\"},sellC:{Count:1b,id:\"minecraft:air\"}},{buyA:{Count:1b,id:\"minecraft:air\"},buyB:{Count:1b,id:\"minecraft:air\"},buyC:{Count:1b,id:\"minecraft:air\"},sellA:{Count:1b,id:\"minecraft:air\"},sellB:{Count:1b,id:\"minecraft:air\"},sellC:{Count:1b,id:\"minecraft:air\"}},{buyA:{Count:1b,id:\"minecraft:air\"},buyB:{Count:1b,id:\"minecraft:air\"},buyC:{Count:1b,id:\"minecraft:air\"},sellA:{Count:1b,id:\"minecraft:air\"},sellB:{Count:1b,id:\"minecraft:air\"},sellC:{Count:1b,id:\"minecraft:air\"}},{buyA:{Count:1b,id:\"minecraft:air\"},buyB:{Count:1b,id:\"minecraft:air\"},buyC:{Count:1b,id:\"minecraft:air\"},sellA:{Count:1b,id:\"minecraft:air\"},sellB:{Count:1b,id:\"minecraft:air\"},sellC:{Count:1b,id:\"minecraft:air\"}},{buyA:{Count:1b,id:\"minecraft:air\"},buyB:{Count:1b,id:\"minecraft:air\"},buyC:{Count:1b,id:\"minecraft:air\"},sellA:{Count:1b,id:\"minecraft:air\"},sellB:{Count:1b,id:\"minecraft:air\"},sellC:{Count:1b,id:\"minecraft:air\"}},{buyA:{Count:1b,id:\"minecraft:air\"},buyB:{Count:1b,id:\"minecraft:air\"},buyC:{Count:1b,id:\"minecraft:air\"},sellA:{Count:1b,id:\"minecraft:air\"},sellB:{Count:1b,id:\"minecraft:air\"},sellC:{Count:1b,id:\"minecraft:air\"}},{buyA:{Count:1b,id:\"minecraft:air\"},buyB:{Count:1b,id:\"minecraft:air\"},buyC:{Count:1b,id:\"minecraft:air\"},sellA:{Count:1b,id:\"minecraft:air\"},sellB:{Count:1b,id:\"minecraft:air\"},sellC:{Count:1b,id:\"minecraft:air\"}},{buyA:{Count:1b,id:\"minecraft:air\"},buyB:{Count:1b,id:\"minecraft:air\"},buyC:{Count:1b,id:\"minecraft:air\"},sellA:{Count:1b,id:\"minecraft:air\"},sellB:{Count:1b,id:\"minecraft:air\"},sellC:{Count:1b,id:\"minecraft:air\"}},{buyA:{Count:1b,id:\"minecraft:air\"},buyB:{Count:1b,id:\"minecraft:air\"},buyC:{Count:1b,id:\"minecraft:air\"},sellA:{Count:1b,id:\"minecraft:air\"},sellB:{Count:1b,id:\"minecraft:air\"},sellC:{Count:1b,id:\"minecraft:air\"}},{buyA:{Count:1b,id:\"minecraft:air\"},buyB:{Count:1b,id:\"minecraft:air\"},buyC:{Count:1b,id:\"minecraft:air\"},sellA:{Count:1b,id:\"minecraft:air\"},sellB:{Count:1b,id:\"minecraft:air\"},sellC:{Count:1b,id:\"minecraft:air\"}},{buyA:{Count:1b,id:\"minecraft:air\"},buyB:{Count:1b,id:\"minecraft:air\"},buyC:{Count:1b,id:\"minecraft:air\"},sellA:{Count:1b,id:\"minecraft:air\"},sellB:{Count:1b,id:\"minecraft:air\"},sellC:{Count:1b,id:\"minecraft:air\"}}]}","renderer":"{}","scale":{"x":1.0,"y":1.0,"z":1.0},"collision":false,"inventory":{"mainHand":"minecraft:empty","offHand":"minecraft:empty","head":"minecraft:empty","chest":"minecraft:empty","legs":"minecraft:empty","feet":"minecraft:empty"},"internalName":"DANIEL BOVO"}