{"name":"EL CUCO","nameVisibility":true,"dialogue":"ELCUCO","title":"","texture":"http://textures.minecraft.net/texture/8acbf425315f4f8bdaeae4044db442100482507fb020b785a5f9a32ab8892baf","is_texture_resource_loc":false,"textColor":16777215,"slim":false,"pose":"standing","trades":"{Recipes:[{buyA:{Count:1b,id:\"minecraft:air\"},buyB:{Count:1b,id:\"minecraft:air\"},buyC:{Count:1b,id:\"minecraft:air\"},sellA:{Count:1b,id:\"minecraft:air\"},sellB:{Count:1b,id:\"minecraft:air\"},sellC:{Count:1b,id:\"minecraft:air\"}},{buyA:{Count:1b,id:\"minecraft:air\"},buyB:{Count:1b,id:\"minecraft:air\"},buyC:{Count:1b,id:\"minecraft:air\"},sellA:{Count:1b,id:\"minecraft:air\"},sellB:{Count:1b,id:\"minecraft:air\"},sellC:{Count:1b,id:\"minecraft:air\"}},{buyA:{Count:1b,id:\"minecraft:air\"},buyB:{Count:1b,id:\"minecraft:air\"},buyC:{Count:1b,id:\"minecraft:air\"},sellA:{Count:1b,id:\"minecraft:air\"},sellB:{Count:1b,id:\"minecraft:air\"},sellC:{Count:1b,id:\"minecraft:air\"}},{buyA:{Count:1b,id:\"minecraft:air\"},buyB:{Count:1b,id:\"minecraft:air\"},buyC:{Count:1b,id:\"minecraft:air\"},sellA:{Count:1b,id:\"minecraft:air\"},sellB:{Count:1b,id:\"minecraft:air\"},sellC:{Count:1b,id:\"minecraft:air\"}},{buyA:{Count:1b,id:\"minecraft:air\"},buyB:{Count:1b,id:\"minecraft:air\"},buyC:{Count:1b,id:\"minecraft:air\"},sellA:{Count:1b,id:\"minecraft:air\"},sellB:{Count:1b,id:\"minecraft:air\"},sellC:{Count:1b,id:\"minecraft:air\"}},{buyA:{Count:1b,id:\"minecraft:air\"},buyB:{Count:1b,id:\"minecraft:air\"},buyC:{Count:1b,id:\"minecraft:air\"},sellA:{Count:1b,id:\"minecraft:air\"},sellB:{Count:1b,id:\"minecraft:air\"},sellC:{Count:1b,id:\"minecraft:air\"}},{buyA:{Count:1b,id:\"minecraft:air\"},buyB:{Count:1b,id:\"minecraft:air\"},buyC:{Count:1b,id:\"minecraft:air\"},sellA:{Count:1b,id:\"minecraft:air\"},sellB:{Count:1b,id:\"minecraft:air\"},sellC:{Count:1b,id:\"minecraft:air\"}},{buyA:{Count:1b,id:\"minecraft:air\"},buyB:{Count:1b,id:\"minecraft:air\"},buyC:{Count:1b,id:\"minecraft:air\"},sellA:{Count:1b,id:\"minecraft:air\"},sellB:{Count:1b,id:\"minecraft:air\"},sellC:{Count:1b,id:\"minecraft:air\"}},{buyA:{Count:1b,id:\"minecraft:air\"},buyB:{Count:1b,id:\"minecraft:air\"},buyC:{Count:1b,id:\"minecraft:air\"},sellA:{Count:1b,id:\"minecraft:air\"},sellB:{Count:1b,id:\"minecraft:air\"},sellC:{Count:1b,id:\"minecraft:air\"}},{buyA:{Count:1b,id:\"minecraft:air\"},buyB:{Count:1b,id:\"minecraft:air\"},buyC:{Count:1b,id:\"minecraft:air\"},sellA:{Count:1b,id:\"minecraft:air\"},sellB:{Count:1b,id:\"minecraft:air\"},sellC:{Count:1b,id:\"minecraft:air\"}},{buyA:{Count:1b,id:\"minecraft:air\"},buyB:{Count:1b,id:\"minecraft:air\"},buyC:{Count:1b,id:\"minecraft:air\"},sellA:{Count:1b,id:\"minecraft:air\"},sellB:{Count:1b,id:\"minecraft:air\"},sellC:{Count:1b,id:\"minecraft:air\"}},{buyA:{Count:1b,id:\"minecraft:air\"},buyB:{Count:1b,id:\"minecraft:air\"},buyC:{Count:1b,id:\"minecraft:air\"},sellA:{Count:1b,id:\"minecraft:air\"},sellB:{Count:1b,id:\"minecraft:air\"},sellC:{Count:1b,id:\"minecraft:air\"}}]}","renderer":"{}","scale":{"x":1.0,"y":1.0,"z":1.0},"collision":false,"inventory":{"mainHand":"minecraft:empty","offHand":"minecraft:empty","head":"minecraft:empty","chest":"minecraft:empty","legs":"minecraft:empty","feet":"minecraft:empty"},"internalName":"EL CUCO"}