{"name":"EL CEKA MJ","nameVisibility":true,"dialogue":"ELCEKAMJ","title":"","texture":"http://textures.minecraft.net/texture/e697adb1268dac2eef146a96aaf251c4b15f0aa894d3da2c1c01078986afaecf","is_texture_resource_loc":false,"textColor":16777215,"slim":false,"pose":"sitting","trades":"{Recipes:[{buyA:{Count:7b,id:\"minecraft:netherite_ingot\"},buyB:{Count:1b,id:\"minecraft:air\"},buyC:{Count:1b,id:\"minecraft:air\"},sellA:{Count:30b,id:\"tac:round45\"},sellB:{Count:1b,id:\"tac:m1911\",tag:{AmmoCount:7}},sellC:{Count:1b,id:\"minecraft:air\"}},{buyA:{Count:8b,id:\"minecraft:netherite_ingot\"},buyB:{Count:1b,id:\"minecraft:air\"},buyC:{Count:1b,id:\"minecraft:air\"},sellA:{Count:30b,id:\"tac:b_magnum\"},sellB:{Count:1b,id:\"tac:colt_python\",tag:{AmmoCount:6,ID:[I;-1734766388,-1580908349,-1152138513,-856559595],level:1,levelDmg:0.0f}},sellC:{Count:1b,id:\"minecraft:air\"}},{buyA:{Count:14b,id:\"minecraft:netherite_ingot\"},buyB:{Count:1b,id:\"minecraft:air\"},buyC:{Count:1b,id:\"minecraft:air\"},sellA:{Count:60b,id:\"tac:round45\"},sellB:{Count:1b,id:\"tac:m1a1_smg\",tag:{AmmoCount:30}},sellC:{Count:1b,id:\"minecraft:air\"}},{buyA:{Count:18b,id:\"minecraft:netherite_ingot\"},buyB:{Count:1b,id:\"minecraft:air\"},buyC:{Count:1b,id:\"minecraft:air\"},sellA:{Count:60b,id:\"tac:762x39\"},sellB:{Count:1b,id:\"tac:ak47\",tag:{AmmoCount:30}},sellC:{Count:1b,id:\"minecraft:air\"}},{buyA:{Count:22b,id:\"minecraft:netherite_ingot\"},buyB:{Count:1b,id:\"minecraft:air\"},buyC:{Count:1b,id:\"minecraft:air\"},sellA:{Count:36b,id:\"tac:10_gauge_round\"},sellB:{Count:1b,id:\"tac:m870_classic\",tag:{AmmoCount:6,ID:[I;-1501219382,-795326845,-1532708955,1444863208],level:1,levelDmg:0.0f}},sellC:{Count:1b,id:\"minecraft:air\"}},{buyA:{Count:25b,id:\"minecraft:netherite_ingot\"},buyB:{Count:1b,id:\"minecraft:air\"},buyC:{Count:1b,id:\"minecraft:air\"},sellA:{Count:30b,id:\"tac:50bmg\"},sellB:{Count:1b,id:\"tac:m82a2\",tag:{AmmoCount:5}},sellC:{Count:1b,id:\"minecraft:air\"}},{buyA:{Count:30b,id:\"minecraft:netherite_ingot\"},buyB:{Count:1b,id:\"minecraft:air\"},buyC:{Count:1b,id:\"minecraft:air\"},sellA:{Count:6b,id:\"tac:rpg7_missile\"},sellB:{Count:1b,id:\"tac:rpg7\",tag:{AmmoCount:1,CurrentFireMode:1,ID:[I;2018142885,1185761086,-1603686197,1039514117],level:1,levelDmg:0.0f,supportedFireModes:[I;1]}},sellC:{Count:1b,id:\"minecraft:air\"}},{buyA:{Count:3b,id:\"minecraft:netherite_ingot\"},buyB:{Count:1b,id:\"minecraft:air\"},buyC:{Count:1b,id:\"minecraft:air\"},sellA:{Count:1b,id:\"minecraft:air\"},sellB:{Count:60b,id:\"tac:round45\"},sellC:{Count:1b,id:\"minecraft:air\"}},{buyA:{Count:2b,id:\"minecraft:netherite_ingot\"},buyB:{Count:1b,id:\"minecraft:air\"},buyC:{Count:1b,id:\"minecraft:air\"},sellA:{Count:1b,id:\"minecraft:air\"},sellB:{Count:60b,id:\"tac:b_magnum\"},sellC:{Count:1b,id:\"minecraft:air\"}},{buyA:{Count:5b,id:\"minecraft:netherite_ingot\"},buyB:{Count:1b,id:\"minecraft:air\"},buyC:{Count:1b,id:\"minecraft:air\"},sellA:{Count:1b,id:\"minecraft:air\"},sellB:{Count:60b,id:\"tac:762x39\"},sellC:{Count:1b,id:\"minecraft:air\"}},{buyA:{Count:5b,id:\"minecraft:netherite_ingot\"},buyB:{Count:1b,id:\"minecraft:air\"},buyC:{Count:1b,id:\"minecraft:air\"},sellA:{Count:1b,id:\"minecraft:air\"},sellB:{Count:36b,id:\"tac:10_gauge_round\"},sellC:{Count:1b,id:\"minecraft:air\"}},{buyA:{Count:8b,id:\"minecraft:netherite_ingot\"},buyB:{Count:1b,id:\"minecraft:air\"},buyC:{Count:1b,id:\"minecraft:air\"},sellA:{Count:1b,id:\"minecraft:air\"},sellB:{Count:30b,id:\"tac:50bmg\"},sellC:{Count:1b,id:\"minecraft:air\"}}]}","renderer":"{}","scale":{"x":1.0,"y":1.0,"z":1.0},"collision":false,"inventory":{"mainHand":"minecraft:empty","offHand":"minecraft:empty","head":"minecraft:empty","chest":"minecraft:empty","legs":"minecraft:empty","feet":"minecraft:empty"},"internalName":"EL CEKA MJ"}