{"name":"PADRE EUGENIO","nameVisibility":true,"dialogue":"PADREEUGENIO","title":"","texture":"http://textures.minecraft.net/texture/a264ea3ce15b0fc84830589719052d5b2cefdf5d752dce63058c4f50c383d9d1","is_texture_resource_loc":false,"textColor":16777215,"slim":false,"pose":"standing","trades":"{Recipes:[{buyA:{Count:1b,id:\"minecraft:air\"},buyB:{Count:1b,id:\"minecraft:air\"},buyC:{Count:1b,id:\"minecraft:air\"},sellA:{Count:1b,id:\"minecraft:air\"},sellB:{Count:1b,id:\"minecraft:air\"},sellC:{Count:1b,id:\"minecraft:air\"}},{buyA:{Count:1b,id:\"minecraft:air\"},buyB:{Count:1b,id:\"minecraft:air\"},buyC:{Count:1b,id:\"minecraft:air\"},sellA:{Count:1b,id:\"minecraft:air\"},sellB:{Count:1b,id:\"minecraft:air\"},sellC:{Count:1b,id:\"minecraft:air\"}},{buyA:{Count:1b,id:\"minecraft:air\"},buyB:{Count:1b,id:\"minecraft:air\"},buyC:{Count:1b,id:\"minecraft:air\"},sellA:{Count:1b,id:\"minecraft:air\"},sellB:{Count:1b,id:\"minecraft:air\"},sellC:{Count:1b,id:\"minecraft:air\"}},{buyA:{Count:1b,id:\"minecraft:air\"},buyB:{Count:1b,id:\"minecraft:air\"},buyC:{Count:1b,id:\"minecraft:air\"},sellA:{Count:1b,id:\"minecraft:air\"},sellB:{Count:1b,id:\"minecraft:air\"},sellC:{Count:1b,id:\"minecraft:air\"}},{buyA:{Count:1b,id:\"minecraft:air\"},buyB:{Count:1b,id:\"minecraft:air\"},buyC:{Count:1b,id:\"minecraft:air\"},sellA:{Count:1b,id:\"minecraft:air\"},sellB:{Count:1b,id:\"minecraft:air\"},sellC:{Count:1b,id:\"minecraft:air\"}},{buyA:{Count:1b,id:\"minecraft:air\"},buyB:{Count:1b,id:\"minecraft:air\"},buyC:{Count:1b,id:\"minecraft:air\"},sellA:{Count:1b,id:\"minecraft:air\"},sellB:{Count:1b,id:\"minecraft:air\"},sellC:{Count:1b,id:\"minecraft:air\"}},{buyA:{Count:1b,id:\"minecraft:air\"},buyB:{Count:1b,id:\"minecraft:air\"},buyC:{Count:1b,id:\"minecraft:air\"},sellA:{Count:1b,id:\"minecraft:air\"},sellB:{Count:1b,id:\"minecraft:air\"},sellC:{Count:1b,id:\"minecraft:air\"}},{buyA:{Count:1b,id:\"minecraft:air\"},buyB:{Count:1b,id:\"minecraft:air\"},buyC:{Count:1b,id:\"minecraft:air\"},sellA:{Count:1b,id:\"minecraft:air\"},sellB:{Count:1b,id:\"minecraft:air\"},sellC:{Count:1b,id:\"minecraft:air\"}},{buyA:{Count:1b,id:\"minecraft:air\"},buyB:{Count:1b,id:\"minecraft:air\"},buyC:{Count:1b,id:\"minecraft:air\"},sellA:{Count:1b,id:\"minecraft:air\"},sellB:{Count:1b,id:\"minecraft:air\"},sellC:{Count:1b,id:\"minecraft:air\"}},{buyA:{Count:1b,id:\"minecraft:air\"},buyB:{Count:1b,id:\"minecraft:air\"},buyC:{Count:1b,id:\"minecraft:air\"},sellA:{Count:1b,id:\"minecraft:air\"},sellB:{Count:1b,id:\"minecraft:air\"},sellC:{Count:1b,id:\"minecraft:air\"}},{buyA:{Count:1b,id:\"minecraft:air\"},buyB:{Count:1b,id:\"minecraft:air\"},buyC:{Count:1b,id:\"minecraft:air\"},sellA:{Count:1b,id:\"minecraft:air\"},sellB:{Count:1b,id:\"minecraft:air\"},sellC:{Count:1b,id:\"minecraft:air\"}},{buyA:{Count:1b,id:\"minecraft:air\"},buyB:{Count:1b,id:\"minecraft:air\"},buyC:{Count:1b,id:\"minecraft:air\"},sellA:{Count:1b,id:\"minecraft:air\"},sellB:{Count:1b,id:\"minecraft:air\"},sellC:{Count:1b,id:\"minecraft:air\"}}]}","renderer":"{}","scale":{"x":1.0,"y":1.0,"z":1.0},"collision":false,"inventory":{"mainHand":"minecraft:empty","offHand":"minecraft:empty","head":"minecraft:empty","chest":"minecraft:empty","legs":"minecraft:empty","feet":"minecraft:empty"},"internalName":"PADRE EUGENIO"}