{"entries":[{"name":"init","function":"moveOnCompleteQuest::FINALALEJANDRO,FinishedQuest,CheckAccept","children":[],"text":"","response":""},{"name":"GiveQuest","function":"","children":[{"name":"hello","function":"","children":[{"name":"newDialogueNode","function":"acceptQuest::FINALALEJANDRO","children":[{"name":"newDialogueNode4","function":"","children":[],"text":"USA PROTECCIÓN EHH","response":"TENGO UNOS CONDONES SABOR FRESA Y MANGO, VA A FLIPAR CHAVAL."}],"text":"¿A QUIÉN TE HAS HECHO CHAVALÍN?","response":"A VER SI LO SABES... TIENE PELO CASTAÑO RIZADO, Y, DE HECHO, SE ENCUENTRA EN EL SUR-ESTE DE LA CIUDAD. A VER SI LA ENCUENTRAS"}],"text":"BUENAS @npc, ¿QUE ME CUENTAS?","response":"POS NA, ME ESTOY HACIENDO A UNA QUE ESTA TO BUENA"}],"text":"HOLA @p, SOY ALEJANDRO PERO TAMBIÉN ME LLAMAN CABEZA APISONADORA","response":""},{"name":"CheckAccept","function":"moveOnAcceptedQuest::FINALALEJANDRO,Unfinished,GiveQuest","children":[],"text":"","response":""},{"name":"Unfinished","function":"","children":[],"text":"NO LA HAS ENCONTRADO JAJAJA","response":""},{"name":"FinishedQuest","function":"","children":[],"text":"NO NECESITO AHORA NADA","response":""}]}