{"entries":[{"name":"init","function":"moveOnCompleteQuest::ROBYNHABLAR,FinishedQuest,CheckAccept","children":[],"text":"","response":""},{"name":"GiveQuest","function":"","children":[{"name":"hello","function":"","children":[{"name":"newDialogueNode3","function":"acceptQuest","children":[{"name":"newDialogueNode1","function":"acceptQuest::ROBYNHABLAR","children":[],"text":"VALE, HABLARE CON ELLA.","response":"MUCHAS GRACIAS, TE LO AGRADEZCO."}],"text":"¿PERO DONDE ESTÁ?","response":"LA ULTIMA VEZ QUE LA VI ESTABA AL SUROESTE DEL PUEBLO, A LAS AFUERAS."},{"name":"newDialogueNode4","function":"","children":[],"text":"AHORA MISMO NO PUEDO, QUIZA MÁS TARDE.","response":"VALE LO ENTIENDO."}],"text":"¿QUIERES QUE TE AYUDE?","response":"SI PORFAVOR, DILE QUE SOY EL HOMBRE PERFECTO PARA ELLA."},{"name":"newDialogueNode","function":"acceptQuest","children":[],"text":"NORMAL, ESTAS MAS CALVO QUE MI PADRE","response":"PERO COMO ME PUEDES DECIR ESO AHORA, ESTOY DESTROZADO HAHAHAAA, HAHAHAHA."}],"text":"AHAHAHAHAHAH, ME HA DEJADO LA ROBYN, HAHAAHAHAHA, ME HA DEJADO, SI MI HEMANO ME HA DICHO QUE ME PAREZCO A DAVID LAID, COMO ME HA PODIDO DEJAR, ESTABAMOS GENIAL PERO DE REPENTE UN DIA ME DEJO SIN DARME EXPLICACIONES.","response":""},{"name":"CheckAccept","function":"moveOnAcceptedQuest::ROBYNHABLAR,Unfinished,GiveQuest","children":[],"text":"","response":""},{"name":"Unfinished","function":"","children":[],"text":"AQUI ESPERO, DIME LO QUE HA DICHO SOBRE MI CUANDO HABLES CON ELLA","response":""},{"name":"FinishedQuest","function":"","children":[],"text":"POR AHORA NO NECESITO NADA MÁS","response":""}]}