{"entries":[{"name":"init","function":"","children":[{"name":"hello","function":"","children":[{"name":"newDialogueNode","function":"","children":[{"name":"newDialogueNode2","function":"","children":[{"name":"FINALALEJANDRO","function":"","children":[],"text":"MIRA, ALEJANDRO ME HA DICHO QUE TE ESTÁ ESPERANDO EN LA FUENTE DE LA PLAZA, ES QUE QUIERE LÍO CONTIGO","response":"¿DE VERDAD? VOY PARA ALLÁ AHORA MISMO. AYYY COMO LO QUIERO A MI CHIQUITÍN."}],"text":"AHHH! CONQUE ERES TÚ, INÉS.","response":"VAALE, SÍ, ME HAS PILLADO, AHORA ¿QUÉ QUIERES?"}],"text":"¿EN SERIO?, ¿CONOCES A ALEJANDRO, EL CABEZA APISONADORA?","response":"EEEEH! A MI NOVIO NO LO INSULTES!... UPSS, AL FINAL LO HE DICHO."}],"text":"BUENAS, ¿CONOCES A UN TAL ALEJANDRO?","response":"NO TE CONOZCO PERO BUENO... SÍ, SÍ LO CONOZCO."}],"text":"","response":""}]}