{"entries":[{"name":"init","function":"moveOnCompleteQuest::NEGRITA,FinishedQuest,CheckAccept","children":[],"text":"","response":""},{"name":"CheckAccept","function":"moveOnAcceptedQuest::NEGRITA,Unfinished,GiveQuest","children":[],"text":"","response":""},{"name":"Unfinished","function":"","children":[],"text":"AQUÍ SIGO, CUANDO VUELVAS CON TODOS LOS INGREDIENTES TE DARE UN REGALO.","response":""},{"name":"FinishedQuest","function":"","children":[],"text":"POR AHORA NO NECESITO NADA MÁS, SI NECESITO ALGO TE LO DIRÉ.","response":""},{"name":"GiveQuest","function":"","children":[{"name":"hello","function":"acceptQuest","children":[{"name":"newDialogueNode2","function":"","children":[],"text":"SI HOMBRE TT, QUE PEREZA CHACHO","response":"PUTA!!!, ESCAMPAAA"},{"name":"sssss","function":"acceptQuest","children":[{"name":"QuestAsk","function":"acceptQuest::NEGRITA","children":[],"text":"VALE, IRÉ A POR TODO ESO.","response":"VALE, GRACIAS, AQUI TE ESPERO."}],"text":"POS YA VES CUCO, ¿QUE NECESITAS?","response":"NECESITO TRIGO, SANDIAS, AZUCAR, AGUA..."}],"text":"HOLA CUCO","response":"DURANTE ESTOS DIAS HE TENIDO UNOS GRAVES PROBLEMAS, SE ME HA ACABADO LA NEGRITA Y NO PUEDO VENDERSELA A LOS NIÑOS DEL PUEBLO. ¿PODRIAS AYUDARME A TRAERME ALGUNOS INGREDIENTES?"},{"name":"newDialogueNode1","function":"","children":[],"text":"ME LA PELA CUCO","response":"POS ENTONCES ESCAMPA DE AQUI!!!"}],"text":"HOLA @p, SOY EL CUCO.","response":""}]}