{"entries":[{"name":"init","function":"","children":[{"name":"hello","function":"","children":[{"name":"newDialogueNode","function":"","children":[{"name":"newDialogueNode2","function":"","children":[{"name":"MISIONCUMPLIDA","function":"","children":[],"text":"VALE VALE, ADIÓS.","response":"ADIÓS"}],"text":"DANI ESTA DESTROZADO, ¿NO PUEDES VOLVER CON EL?, ES EL HOMBRE DE TU VIDA.","response":"QUE NOO!!!, DEJAME YA O EL CEKA SE SACA UNA GLOCK DEL BOLSILLO Y TE METE UN PAR DE TIROS."}],"text":"QUERIA HABLAR SOBRE UN CHAVAL QUE SE LLAMA DANIEL BOVO.","response":"NO VOY HABLAR SOBRE ESE TEMA, SOLO DILE QUE AHORA ESTOY CON EL CEKA MJ, UN PRODUCTOR MUSICAL FAMOSO."}],"text":"BUENAS, ¿ERES ROBYN?","response":"SÍ, ¿QUÉ OCURRE?"}],"text":"HOLA BUENAS.","response":""}]}