{"name":"NEGRITA","displayName":"TRÁEME LOS INGREDIENTES QUE ME FALTAN PARA LA NEGRITA","objectives":[{"index":0,"name":"AZÚCAR DE CAÑA","type":0,"amount":16,"primaryObjective":"minecraft:sugar"},{"index":1,"name":"TRIGO","type":0,"amount":16,"primaryObjective":"minecraft:wheat"},{"index":2,"name":"SANDÍAS","type":0,"amount":8,"primaryObjective":"minecraft:melon_slice"},{"index":3,"name":"CUBO DE AGUA","type":0,"amount":1,"primaryObjective":"minecraft:water_bucket"}],"xpReward":1000,"itemRewards":[{"stack":"iammusicplayer:boombox{BoomboxItems:{Items:[]},BoomboxTag:{BoomBoxData:{AntennaProgress:0,AntennaProgressOld:0,ChangeCassetteTape:0b,ContinuousType:\"none\",HandleRaisedProgress:0,HandleRaisedProgressOld:0,HandleRaising:0b,LastMonitorType:\"playback\",LidOpen:0b,LidOpenProgress:0,LidOpenProgressOld:0,LoadingMusic:0b,Loop:0b,MonitorType:\"playback\",Mute:0b,NoChangeCassetteTape:0b,OldCassetteTape:{Count:0b,id:\"minecraft:air\"},OldCassetteTapeFlg:0b,ParabolicAntennaProgress:0,ParabolicAntennaProgressOld:0,PlayerSelectPlaylists:[],Playing:0b,RadioAuthor:\"\",RadioImage:{Identifier:\"\",ImageType:\"empty\"},RadioName:\"\",RadioSource:{Duration:0L,Identifier:\"\",LoaderType:\"\"},RadioStartFlg:0b,RadioUrl:\"\",RingerPosition:0L,Volume:150},Identification:[I;2050269071,-1372828578,-1313318142,563028453],Power:1b,Transfer:10,TransferOld:10}}","count":1},{"stack":"iammusicplayer:cassette_tape{Music:{Author:\"LightSound\",CreateDate:1716779875615L,Image:{Identifier:\"https://i.imgur.com/eVyUjmH.jpeg\",ImageType:\"url\"},Name:\"MP3JUICE.BLOG - Esclava (Remix).mp3\",Owner:[I;-1535056223,793590619,-1736467537,-2119816184],Source:{Duration:281704L,Identifier:\"https://cdn.discordapp.com/attachments/920583291931856897/1244489607966494730/Mon_May_27_121722_JST_2024.mp3?ex=66554cc4&is=6653fb44&hm=a8a746cd477f4bcee7590edc98a8ef2cd2d60ebb5b55b7485c4bec546de73d32&\",LoaderType:\"http\"},UUID:[I;-324638157,-685682706,-1425288659,-1493640323]},TapePercentage:0.0f}","count":1},{"stack":"iammusicplayer:cassette_tape{Music:{Author:\"Unknown artist\",CreateDate:1716815259618L,Image:{Identifier:\"\",ImageType:\"empty\"},Name:\"notube.mobi - CEKA MJ - FALSO AMOR (Video Oficial).mp3\",Owner:[I;-1535056223,793590619,-1736467537,-2119816184],Source:{Duration:132480L,Identifier:\"https://cdn.discordapp.com/attachments/920583291931856897/1244638125989564426/Mon_May_27_220732_JST_2024.mp3?ex=6655d715&is=66548595&hm=24efe0fa1ebac0f32221c9c83c2feca7f700eba3550dd37b0c0ac2a0661149d1&\",LoaderType:\"http\"},UUID:[I;-582260896,1973177842,-1768672263,912605822]},TapePercentage:0.0f}","count":1},{"stack":"iammusicplayer:cassette_tape{Music:{Author:\"Unknown artist\",CreateDate:1716813746022L,Image:{Identifier:\"\",ImageType:\"empty\"},Name:\"notube.mobi - BADGYAL.mp3\",Owner:[I;-1535056223,793590619,-1736467537,-2119816184],Source:{Duration:251832L,Identifier:\"https://cdn.discordapp.com/attachments/920583291931856897/1244631668258770957/Mon_May_27_214152_JST_2024.mp3?ex=6655d111&is=66547f91&hm=41a297399e7a397773de737047a789227729bcc46540a17d01b348aa8467bfee&\",LoaderType:\"http\"},UUID:[I;1832782514,1061111119,-1830776606,245136997]},TapePercentage:0.0f}","count":1}]}