{"name":"ROBYNHABLAR","displayName":"HABLA CON ROBYN SOBRE DANIEL BOVO","objectives":[{"index":0,"name":"HABLA CON ROBYN","type":5,"amount":1,"primaryObjective":"ROBYN","secondaryObjective":"MISIONCUMPLIDA","displayProgress":false}],"xpReward":500,"itemRewards":[{"stack":"minecraft:written_book{author:\"elboix_bot\",filtered_title:\"CAJA FUERTE\",pages:['{\"text\":\"CAJA FUERTE: 4443322\\\\n\\\\n\\\\\"En el santuario del tiempo, bajo el toque divino, yace el cofre del secreto, guardado con sigilo. Más allá de los vitrales, donde la luz se torna eco, busca en lo alto del silencio, donde la fe encuentra su eco.\\\\\"\"}'],resolved:1b,title:\"CAJA FUERTE\"}","count":1}]}