{"stats":{"minecraft:used":{"minecraft:stone_sword":85,"minecraft:stone_pickaxe":20,"minecraft:baked_potato":1,"minecraft:wooden_pickaxe":13,"minecraft:cooked_chicken":2,"minecraft:torch":6,"minecraft:mutton":2,"minecraft:crafting_table":3,"minecraft:bread":11,"minecraft:furnace":3,"alexsmobs:animal_dictionary":1,"minecraft:egg":3,"minecraft:cooked_beef":1,"minecraft:potato":25,"minecraft:dark_oak_sapling":1},"minecraft:mined":{"minecraft:crafting_table":3,"minecraft:torch":2,"minecraft:grass_block":3,"minecraft:wall_torch":4,"minecraft:furnace":3,"minecraft:iron_ore":2,"minecraft:grass":8,"minecraft:oak_log":6,"minecraft:coal_ore":12,"minecraft:dirt":3,"minecraft:stone":16,"minecraft:oak_leaves":1},"minecraft:picked_up":{"minecraft:crafting_table":3,"minecraft:feather":2,"minecraft:chicken":2,"minecraft:leather":8,"minecraft:oak_log":6,"gravestone:obituary":1,"minecraft:dirt":6,"minecraft:apple":1,"minecraft:wheat_seeds":2,"minecraft:beef":15,"minecraft:birch_sapling":22,"minecraft:egg":3,"minecraft:furnace":3,"minecraft:dark_oak_sapling":2,"minecraft:stick":26,"minecraft:raw_iron":2,"minecraft:torch":5,"minecraft:porkchop":14,"minecraft:bread":5,"minecraft:oak_sapling":11,"minecraft:mutton":5,"minecraft:coal":10,"minecraft:white_wool":3,"minecraft:cobblestone":16},"minecraft:dropped":{"minecraft:wheat_seeds":1,"gravestone:obituary":1,"minecraft:wooden_pickaxe":1},"minecraft:killed":{"minecraft:pig":7,"enemyexpansion:direwolf":2,"minecraft:sheep":3,"minecraft:zombie":1,"minecraft:chicken":2,"minecraft:cow":7},"minecraft:crafted":{"minecraft:cooked_beef":8,"minecraft:oak_planks":20,"minecraft:crafting_table":1,"minecraft:wooden_pickaxe":1,"minecraft:baked_potato":1,"minecraft:cooked_chicken":2,"minecraft:furnace":1,"minecraft:bread":2,"minecraft:air":0,"minecraft:charcoal":1,"minecraft:stick":16,"minecraft:stone_pickaxe":1,"minecraft:stone_sword":1,"minecraft:torch":4},"minecraft:custom":{"minecraft:interact_with_furnace":18,"minecraft:mob_kills":23,"minecraft:interact_with_crafting_table":6,"minecraft:open_barrel":2,"minecraft:interact_with_loom":3,"minecraft:leave_game":1,"minecraft:time_since_death":38177,"minecraft:sleep_in_bed":1,"minecraft:climb_one_cm":5135,"minecraft:time_since_rest":19681,"minecraft:sprint_one_cm":234389,"minecraft:damage_taken":665,"minecraft:walk_one_cm":172127,"minecraft:drop":3,"minecraft:damage_dealt":2657,"minecraft:swim_one_cm":4922,"minecraft:fly_one_cm":111067,"minecraft:player_kills":1,"minecraft:open_chest":13,"minecraft:crouch_one_cm":224,"minecraft:play_time":38177,"minecraft:sneak_time":10,"minecraft:walk_under_water_one_cm":484,"minecraft:interact_with_lectern":1,"minecraft:jump":693,"minecraft:walk_on_water_one_cm":4800,"minecraft:total_world_time":38177,"minecraft:fall_one_cm":15693}},"DataVersion":2975}