{"stats":{"minecraft:dropped":{"iammusicplayer:boombox":2,"iammusicplayer:cassette_tape":6,"minecraft:written_book":1},"minecraft:picked_up":{"minecraft:written_book":1,"iammusicplayer:cassette_tape":6,"iammusicplayer:boombox":6},"minecraft:custom":{"minecraft:open_barrel":1,"minecraft:open_chest":9,"minecraft:time_since_rest":120800,"minecraft:crouch_one_cm":327,"minecraft:sprint_one_cm":41848,"minecraft:play_time":120800,"minecraft:damage_taken":40,"minecraft:walk_one_cm":41262,"minecraft:sneak_time":597,"minecraft:drop":9,"minecraft:jump":234,"minecraft:leave_game":14,"minecraft:time_since_death":120800,"minecraft:climb_one_cm":2362,"minecraft:total_world_time":120800,"minecraft:fly_one_cm":525319},"minecraft:used":{"iammusicplayer:music_manager":1,"minecraft:petrified_oak_slab":1,"minecraft:writable_book":1,"iammusicplayer:boombox":6,"minecraft:written_book":5,"minecraft:grass_block":4,"securitycraft:keypad_chest":1,"minecraft:stone_shovel":1,"alexsmobs:animal_dictionary":2,"minecraft:mossy_cobblestone_slab":2}},"DataVersion":2975}