{"stats":{"minecraft:used":{"minecraft:apple":3,"minecraft:bread":1,"minecraft:stone_pickaxe":101,"minecraft:iron_pickaxe":328,"minecraft:oak_planks":1,"minecraft:wooden_pickaxe":12,"minecraft:stone_axe":9,"minecraft:cobblestone":11,"minecraft:crafting_table":4,"minecraft:furnace":2,"alexsmobs:animal_dictionary":1},"minecraft:mined":{"minecraft:furnace":2,"minecraft:deepslate_diamond_ore":9,"minecraft:iron_ore":82,"minecraft:andesite":16,"minecraft:crafting_table":4,"minecraft:granite":6,"minecraft:grass":3,"minecraft:coal_ore":59,"minecraft:grass_block":6,"minecraft:oak_log":11,"minecraft:deepslate_iron_ore":6,"minecraft:gravel":17,"minecraft:dirt":11,"minecraft:copper_ore":3,"minecraft:cobblestone":1,"minecraft:stone":155,"minecraft:diorite":28,"minecraft:oak_leaves":3,"minecraft:deepslate":45},"minecraft:picked_up":{"minecraft:raw_iron":149,"minecraft:crafting_table":4,"minecraft:andesite":16,"minecraft:gravel":17,"minecraft:oak_log":11,"minecraft:diorite":28,"minecraft:dirt":15,"minecraft:raw_copper":11,"minecraft:rotten_flesh":2,"minecraft:diamond":9,"minecraft:cobbled_deepslate":43,"minecraft:granite":6,"minecraft:coal":110,"minecraft:cobblestone":155,"minecraft:furnace":2},"minecraft:killed":{"enemyexpansion:equestrian":1},"minecraft:crafted":{"minecraft:oak_planks":44,"minecraft:iron_chestplate":1,"minecraft:shield":1,"minecraft:crafting_table":2,"minecraft:stick":16,"minecraft:iron_pickaxe":2,"minecraft:iron_ingot":18,"minecraft:wooden_pickaxe":1,"minecraft:stone_pickaxe":1,"minecraft:furnace":1,"minecraft:stone_axe":1,"minecraft:air":0},"minecraft:custom":{"minecraft:time_since_rest":11941,"minecraft:interact_with_furnace":26,"minecraft:sprint_one_cm":39022,"minecraft:damage_taken":50,"minecraft:walk_one_cm":49009,"minecraft:mob_kills":1,"minecraft:damage_dealt":330,"minecraft:swim_one_cm":2645,"minecraft:interact_with_crafting_table":15,"minecraft:fly_one_cm":48960,"minecraft:open_chest":4,"minecraft:crouch_one_cm":5810,"minecraft:play_time":38795,"minecraft:sneak_time":2212,"minecraft:walk_under_water_one_cm":200,"minecraft:jump":299,"minecraft:walk_on_water_one_cm":1953,"minecraft:leave_game":2,"minecraft:time_since_death":38795,"minecraft:sleep_in_bed":1,"minecraft:climb_one_cm":1140,"minecraft:total_world_time":38795,"minecraft:fall_one_cm":4611},"minecraft:broken":{"minecraft:iron_pickaxe":1}},"DataVersion":2975}