{"stats":{"minecraft:used":{"minecraft:iron_shovel":6,"minecraft:bread":16,"minecraft:stone_pickaxe":69,"minecraft:wooden_pickaxe":19,"minecraft:iron_sword":6,"minecraft:torch":1,"minecraft:stone_axe":1,"minecraft:dirt":10,"minecraft:cobblestone":41,"minecraft:crafting_table":1,"minecraft:egg":1,"alexsmobs:animal_dictionary":4},"minecraft:mined":{"minecraft:iron_ore":15,"minecraft:crafting_table":1,"gravestone:gravestone":1,"minecraft:grass":3,"minecraft:pointed_dripstone":7,"minecraft:grass_block":8,"minecraft:oak_log":4,"minecraft:coal_ore":6,"minecraft:dirt":2,"minecraft:tall_grass":1,"minecraft:stone":56},"minecraft:picked_up":{"minecraft:raw_iron":15,"minecraft:crafting_table":1,"minecraft:azure_bluet":1,"minecraft:wooden_pickaxe":2,"minecraft:gravel":1,"minecraft:oak_log":4,"minecraft:pointed_dripstone":3,"minecraft:string":2,"minecraft:dirt":18,"minecraft:wheat_seeds":1,"minecraft:bone_meal":1,"minecraft:written_book":1,"minecraft:mutton":4,"minecraft:coal":6,"minecraft:white_wool":2,"minecraft:cobblestone":56,"minecraft:egg":1},"minecraft:dropped":{"minecraft:bread":5,"minecraft:pointed_dripstone":3,"minecraft:wooden_pickaxe":1,"minecraft:written_book":1},"minecraft:crafted":{"minecraft:oak_planks":8,"minecraft:crafting_table":1,"minecraft:stick":8,"minecraft:stone_pickaxe":1,"minecraft:iron_sword":1,"minecraft:torch":12,"minecraft:stone_axe":1},"minecraft:killed":{"minecraft:sheep":2},"minecraft:custom":{"minecraft:time_since_rest":40510,"minecraft:sprint_one_cm":198401,"minecraft:damage_taken":672,"minecraft:walk_one_cm":117390,"minecraft:mob_kills":2,"minecraft:drop":4,"minecraft:damage_dealt":380,"minecraft:swim_one_cm":12948,"minecraft:interact_with_crafting_table":2,"minecraft:fly_one_cm":159540,"minecraft:open_barrel":3,"minecraft:open_chest":16,"minecraft:crouch_one_cm":57,"minecraft:play_time":40510,"minecraft:sneak_time":32,"minecraft:walk_under_water_one_cm":3941,"minecraft:jump":796,"minecraft:eat_cake_slice":2,"minecraft:leave_game":1,"minecraft:walk_on_water_one_cm":8443,"minecraft:time_since_death":40510,"minecraft:climb_one_cm":2794,"minecraft:total_world_time":40510,"minecraft:fall_one_cm":20785}},"DataVersion":2975}