{"stats":{"minecraft:custom":{"minecraft:mob_kills":3,"minecraft:interact_with_anvil":11,"minecraft:open_barrel":15,"minecraft:fill_cauldron":6,"minecraft:interact_with_campfire":13,"minecraft:eat_cake_slice":2,"minecraft:leave_game":86,"minecraft:time_since_death":465450,"minecraft:climb_one_cm":49668,"minecraft:sprint_one_cm":2915792,"minecraft:walk_one_cm":4873230,"minecraft:drop":19,"minecraft:talked_to_villager":8,"minecraft:play_time":2352300,"minecraft:deaths":1,"minecraft:sneak_time":178933,"minecraft:walk_under_water_one_cm":152711,"minecraft:jump":12719,"minecraft:walk_on_water_one_cm":422695,"minecraft:total_world_time":3583630,"minecraft:interact_with_cartography_table":4,"minecraft:interact_with_loom":3,"minecraft:pot_flower":43,"minecraft:time_since_rest":465472,"minecraft:damage_dealt":1008,"minecraft:swim_one_cm":15883,"minecraft:fly_one_cm":30770099,"minecraft:open_chest":97,"minecraft:crouch_one_cm":225825,"minecraft:inspect_dispenser":1},"minecraft:used":{"minecraft:light_gray_dye":6,"minecraft:oak_fence":86,"minecraft:moss_carpet":240,"minecraft:azalea":3,"minecraft:oak_trapdoor":326,"minecraft:moss_block":435,"minecraft:iron_bars":33,"minecraft:rose_bush":197,"minecraft:cracked_deepslate_bricks":1,"minecraft:writable_book":2,"minecraft:brain_coral_fan":2,"minecraft:purple_candle":3,"minecraft:dead_bush":11,"minecraft:iron_shovel":868,"minecraft:flint_and_steel":10,"minecraft:granite_stairs":6,"minecraft:orange_concrete":38,"minecraft:dispenser":4,"minecraft:dead_tube_coral_fan":3,"minecraft:red_concrete":149,"minecraft:carved_pumpkin":1,"minecraft:armor_stand":3,"minecraft:spruce_slab":943,"minecraft:redstone":7,"minecraft:ladder":82,"minecraft:poppy":145,"minecraft:oak_sign":3,"minecraft:spruce_planks":353,"minecraft:green_banner":3,"minecraft:chest":49,"minecraft:white_terracotta":109,"minecraft:stone":199,"minecraft:bell":6,"minecraft:grass":4506,"minecraft:mossy_stone_brick_slab":8,"minecraft:farmland":21,"minecraft:dried_kelp_block":13,"minecraft:netherrack":1,"minecraft:soul_campfire":1,"minecraft:oak_door":5,"minecraft:white_candle":9,"minecraft:spruce_leaves":139,"minecraft:torch":3,"minecraft:soul_sand":1,"minecraft:brewing_stand":3,"minecraft:dirt":2747,"minecraft:anvil":9,"minecraft:target":3,"minecraft:lily_of_the_valley":19,"minecraft:white_carpet":16,"minecraft:hopper":1,"minecraft:nether_quartz_ore":1,"minecraft:brick_slab":20,"minecraft:spruce_stairs":1885,"minecraft:beehive":27,"minecraft:cobblestone_wall":305,"minecraft:carrot":37,"minecraft:stone_stairs":103,"minecraft:allium":59,"minecraft:nether_brick_slab":2,"minecraft:yellow_carpet":52,"minecraft:oak_wood":358,"minecraft:polished_granite_slab":3,"minecraft:magenta_candle":4,"minecraft:weeping_vines":5,"minecraft:glow_lichen":118,"minecraft:spruce_fence":858,"minecraft:granite":47,"minecraft:cyan_wool":3,"minecraft:azure_bluet":788,"minecraft:oak_fence_gate":55,"minecraft:nether_brick_stairs":5,"minecraft:fern":634,"minecraft:orange_candle":5,"minecraft:small_dripleaf":94,"minecraft:big_dripleaf":13,"minecraft:andesite_wall":8,"minecraft:mossy_cobblestone_stairs":335,"minecraft:iron_hoe":1325,"minecraft:stone_brick_slab":75,"minecraft:flowering_azalea":2,"minecraft:lava_bucket":1,"minecraft:chipped_anvil":2,"minecraft:bricks":74,"minecraft:bookshelf":145,"minecraft:grass_block":3851,"minecraft:blue_orchid":91,"minecraft:red_wool":3,"minecraft:lantern":150,"minecraft:iron_axe":325,"minecraft:oak_stairs":1482,"minecraft:rooted_dirt":3535,"minecraft:brick_stairs":15,"minecraft:spruce_button":79,"minecraft:polished_andesite_stairs":1,"minecraft:green_wool":3,"minecraft:polished_blackstone_brick_wall":4,"minecraft:netherite_hoe":2,"minecraft:red_candle":12,"minecraft:polished_blackstone_brick_stairs":17,"minecraft:mossy_cobblestone_slab":516,"minecraft:stone_brick_stairs":369,"minecraft:barrel":97,"minecraft:stone_bricks":859,"minecraft:blue_banner":3,"minecraft:item_frame":278,"minecraft:red_nether_brick_wall":1,"minecraft:tripwire_hook":11,"minecraft:basalt":3,"minecraft:red_carpet":7,"minecraft:honeycomb_block":8,"minecraft:tall_grass":951,"minecraft:hay_block":100,"minecraft:scaffolding":73,"minecraft:sweet_berries":27,"minecraft:black_dye":2,"minecraft:white_stained_glass_pane":10,"minecraft:podzol":683,"minecraft:beetroot_seeds":54,"minecraft:cyan_banner":1,"minecraft:gold_block":2,"minecraft:skeleton_skull":4,"minecraft:granite_wall":4,"minecraft:stone_pressure_plate":40,"minecraft:potato":92,"minecraft:brown_candle":26,"minecraft:dead_bubble_coral_fan":4,"minecraft:large_fern":53,"minecraft:pumpkin":61,"minecraft:seagrass":401,"minecraft:mossy_stone_brick_wall":12,"minecraft:dead_brain_coral_fan":3,"minecraft:brown_concrete_powder":6,"minecraft:hanging_roots":7,"minecraft:pointed_dripstone":118,"minecraft:wheat_seeds":1072,"minecraft:water_bucket":703,"minecraft:dark_oak_stairs":2,"minecraft:yellow_banner":12,"minecraft:mossy_stone_bricks":253,"minecraft:ink_sac":3,"minecraft:pink_tulip":92,"minecraft:nether_brick_wall":2,"minecraft:cow_spawn_egg":4,"minecraft:amethyst_block":3,"minecraft:cobblestone_stairs":836,"minecraft:dirt_path":2471,"minecraft:spruce_door":58,"minecraft:brick_wall":4,"minecraft:birch_leaves":1644,"minecraft:cyan_candle":4,"minecraft:polished_andesite":54,"minecraft:sugar_cane":22,"minecraft:oak_planks":359,"minecraft:bubble_coral_fan":1,"minecraft:spruce_sign":35,"minecraft:blue_wool":4,"minecraft:andesite_slab":113,"minecraft:redstone_block":3,"minecraft:cauldron":7,"minecraft:horse_spawn_egg":6,"minecraft:mossy_stone_brick_stairs":109,"minecraft:brown_mushroom":3,"minecraft:glow_ink_sac":4,"minecraft:composter":6,"minecraft:spruce_fence_gate":228,"minecraft:chiseled_nether_bricks":1,"minecraft:white_dye":4,"minecraft:stonecutter":3,"minecraft:sheep_spawn_egg":3,"minecraft:cobblestone_slab":742,"minecraft:large_amethyst_bud":1,"minecraft:cracked_stone_bricks":1,"minecraft:polished_blackstone_bricks":41,"minecraft:oak_leaves":3554,"minecraft:glow_berries":4,"minecraft:white_wool":3,"minecraft:glow_item_frame":12,"minecraft:polished_blackstone_pressure_plate":1,"minecraft:mossy_cobblestone":2367,"minecraft:light_gray_banner":1,"minecraft:sand":247,"minecraft:vine":180,"minecraft:oak_slab":535,"minecraft:dark_prismarine_slab":4,"minecraft:crafting_table":4,"minecraft:loom":27,"minecraft:crimson_trapdoor":4,"minecraft:red_mushroom":4,"minecraft:light_blue_wool":228,"minecraft:brown_banner":6,"minecraft:blast_furnace":9,"minecraft:yellow_stained_glass_pane":14,"minecraft:dead_bubble_coral":1,"minecraft:campfire":231,"minecraft:white_bed":4,"minecraft:dripstone_block":165,"minecraft:stone_brick_wall":120,"minecraft:cake":8,"minecraft:smoker":3,"minecraft:lightning_rod":7,"minecraft:small_amethyst_bud":6,"minecraft:redstone_torch":1,"minecraft:oak_log":2055,"minecraft:sticky_piston":1,"minecraft:piston":4,"minecraft:flower_pot":42,"minecraft:wooden_hoe":1,"minecraft:yellow_dye":4,"minecraft:cornflower":93,"minecraft:oxeye_daisy":2,"minecraft:map":7,"minecraft:cracked_polished_blackstone_bricks":9,"minecraft:barrier":89,"minecraft:stone_button":85,"minecraft:string":8,"minecraft:light_gray_candle":1,"minecraft:oak_button":1,"minecraft:pig_spawn_egg":6,"minecraft:gray_candle":4,"minecraft:netherite_axe":4,"minecraft:spruce_pressure_plate":18,"minecraft:lectern":10,"minecraft:spore_blossom":2,"minecraft:stone_slab":13,"minecraft:polished_granite":1,"minecraft:spruce_trapdoor":1414,"minecraft:oak_pressure_plate":2,"minecraft:deepslate":5,"minecraft:gravel":364,"minecraft:budding_amethyst":4,"minecraft:flowering_azalea_leaves":4,"minecraft:lilac":239,"minecraft:polished_andesite_slab":79,"minecraft:yellow_wool":19,"minecraft:soul_lantern":3,"minecraft:granite_slab":9,"minecraft:green_candle":28,"minecraft:chiseled_stone_bricks":8,"minecraft:nether_wart_block":3,"minecraft:coal_block":4,"minecraft:cobblestone":3824,"minecraft:azalea_leaves":50,"minecraft:dead_horn_coral_fan":1,"minecraft:stripped_oak_wood":4,"minecraft:white_banner":14,"minecraft:grindstone":9,"minecraft:smithing_table":1,"minecraft:andesite":592,"minecraft:andesite_stairs":119,"minecraft:red_banner":1,"minecraft:glass_pane":83,"minecraft:chain":23,"minecraft:yellow_bed":12,"minecraft:black_candle":10,"minecraft:mossy_cobblestone_wall":81,"minecraft:sea_pickle":30,"minecraft:stripped_oak_log":341,"minecraft:white_concrete":2,"minecraft:coarse_dirt":7750,"minecraft:dandelion":335,"minecraft:sculk_vein":3,"minecraft:candle":32,"minecraft:bone_meal":141,"minecraft:purple_wool":3,"minecraft:cobweb":27},"minecraft:killed":{"minecraft:wandering_trader":1,"minecraft:squid":2},"minecraft:picked_up":{"minecraft:coarse_dirt":1,"minecraft:wheat":2,"minecraft:azure_bluet":16,"minecraft:ladder":10,"minecraft:brown_mushroom":2,"minecraft:lead":5,"minecraft:oak_stairs":1,"minecraft:cornflower":12,"minecraft:moss_carpet":4,"minecraft:item_frame":3,"minecraft:white_carpet":3,"minecraft:oak_sign":1,"minecraft:glass_pane":1,"minecraft:blue_orchid":1,"minecraft:gold_nugget":2,"minecraft:poppy":2,"minecraft:sugar_cane":3,"minecraft:egg":9,"minecraft:oak_door":31,"minecraft:torch":61,"minecraft:flowering_azalea_leaves":1,"minecraft:stone_button":1,"minecraft:carrot":6,"minecraft:redstone":3,"minecraft:stone_pressure_plate":5,"minecraft:weeping_vines":2,"minecraft:stone_shovel":1,"minecraft:saddle":1,"minecraft:cod":7,"minecraft:oxeye_daisy":5,"minecraft:mossy_cobblestone_slab":1,"minecraft:salmon":6,"minecraft:potato":12,"minecraft:oak_log":1,"minecraft:lily_pad":3,"minecraft:yellow_bed":1,"minecraft:cobblestone_wall":2,"minecraft:map":2,"minecraft:paper":8,"minecraft:lantern":3,"minecraft:red_carpet":3,"minecraft:hanging_roots":18,"minecraft:apple":20,"minecraft:kelp":6,"minecraft:wheat_seeds":67,"minecraft:stone_pickaxe":1,"minecraft:oak_planks":1,"minecraft:scaffolding":15,"minecraft:dandelion":24,"minecraft:gravel":5,"minecraft:ink_sac":5,"minecraft:granite_slab":1,"minecraft:white_bed":2,"minecraft:spruce_door":2,"minecraft:leather_helmet":1,"minecraft:spruce_fence_gate":1,"minecraft:yellow_carpet":3,"minecraft:diamond":12,"minecraft:stone_axe":1,"minecraft:writable_book":1,"minecraft:bone_meal":1,"minecraft:spruce_button":1,"minecraft:bread":38,"minecraft:emerald":5,"minecraft:rooted_dirt":1,"minecraft:oak_sapling":5,"minecraft:oak_leaves":1,"minecraft:sunflower":1},"minecraft:dropped":{"minecraft:wheat_seeds":1,"minecraft:oak_log":1,"minecraft:weeping_vines":1,"minecraft:red_carpet":2,"minecraft:spruce_fence_gate":1,"minecraft:mossy_cobblestone_slab":1,"minecraft:oak_stairs":1,"minecraft:granite_slab":1,"minecraft:lily_pad":1,"minecraft:stone_axe":1,"minecraft:cobblestone_wall":2,"minecraft:stone_shovel":1,"minecraft:oak_planks":1,"minecraft:azure_bluet":1,"minecraft:glass_pane":1,"minecraft:oak_sapling":2,"minecraft:stone_pickaxe":1}},"DataVersion":3105}