{"stats":{"minecraft:used":{"useless_sword:wither_sword":4,"minecraft:writable_book":3,"minecraft:stone_sword":27,"securitycraft:keypad_chest":2,"securitycraft:bucket_f_lava":5,"useless_sword:ender_catalyst_sword":32,"securitycraft:security_camera":1,"minecraft:torch":2,"minecraft:dirt":22,"iammusicplayer:boombox":17,"beyond_earth:solar_panel":1,"securitycraft:camera_monitor":3,"minecraft:grass_block":6,"useless_sword:valhalla_helmet":1,"securitycraft:sentry":1,"beyond_earth:rocket_launch_pad":16,"artifacts:everlasting_beef":1,"securitycraft:dirt_mine":3,"minecraft:tall_grass":1,"minecraft:written_book":9,"minecraft:oak_sapling":97,"minecraft:furnace":6,"minecraft:egg":1,"minecraft:cooked_mutton":1,"tac:workbench":1,"iammusicplayer:cassette_deck":7,"minecraft:stone_pickaxe":62,"minecraft:oak_planks":10,"minecraft:wooden_pickaxe":39,"iammusicplayer:music_manager":10,"minecraft:crafting_table":3,"minecraft:oak_log":1,"securitycraft:reinforced_grass_block":2,"minecraft:melon_slice":2,"beyond_earth:oil_bucket":1,"securitycraft:reinforced_dripstone_block":18,"securitycraft:mine":2,"minecraft:stone_axe":29,"minecraft:cobblestone":7,"minecraft:cooked_porkchop":1,"useless_sword:ravager_sword":4,"alexsmobs:animal_dictionary":3,"minecraft:bone_meal":203},"minecraft:mined":{"gravestone:gravestone":4,"minecraft:grass_block":5,"minecraft:furnace":4,"minecraft:iron_ore":36,"minecraft:andesite":1,"minecraft:stone":40,"minecraft:crafting_table":3,"minecraft:cobblestone":1,"minecraft:tall_grass":1,"minecraft:oak_planks":2,"minecraft:sugar_cane":10,"securitycraft:dirt_mine":3,"minecraft:grass":23,"minecraft:oak_log":20,"minecraft:coal_ore":5,"minecraft:dirt":9,"minecraft:oak_leaves":1},"minecraft:picked_up":{"minecraft:crafting_table":3,"minecraft:chicken":2,"minecraft:wooden_pickaxe":1,"gravestone:obituary":1,"minecraft:string":4,"beyond_earth:nasa_workbench":1,"minecraft:blue_orchid":1,"minecraft:beef":5,"minecraft:written_book":7,"minecraft:sugar_cane":30,"minecraft:egg":2,"minecraft:furnace":4,"flashnpcs:npc_editor":1,"minecraft:stick":2,"minecraft:raw_iron":35,"tac:colt_python":1,"minecraft:porkchop":2,"iammusicplayer:cassette_tape":18,"minecraft:carrot":3,"minecraft:arrow":3,"minecraft:rotten_flesh":12,"tac:m82a2":1,"iammusicplayer:parabolic_antenna":1,"minecraft:mutton":15,"iammusicplayer:boombox":32,"minecraft:white_wool":4,"minecraft:cobblestone":40,"tac:round45":30,"minecraft:feather":4,"minecraft:andesite":1,"minecraft:leather":6,"minecraft:oak_log":20,"minecraft:gunpowder":1,"minecraft:dirt":14,"securitycraft:sentry":1,"tac:m1911":2,"minecraft:bone":3,"minecraft:apple":1,"minecraft:wheat_seeds":5,"tac:deagle_357":1,"minecraft:oak_planks":19,"minecraft:cooked_porkchop":1,"securitycraft:dirt_mine":3,"minecraft:ink_sac":3,"minecraft:spider_eye":4,"minecraft:sugar":1,"minecraft:slime_ball":11,"alexsmobs:maggot":1,"minecraft:oak_sapling":1,"minecraft:coal":5},"minecraft:dropped":{"minecraft:wheat_seeds":1,"tac:round45":30,"tac:m1911":2,"minecraft:ink_sac":3,"tac:colt_python":1,"gravestone:obituary":7,"minecraft:sugar":1,"flashnpcs:npc_editor":1,"minecraft:string":2,"iammusicplayer:parabolic_antenna":1,"minecraft:white_wool":1,"minecraft:gravel":1,"tac:m82a2":1,"minecraft:netherite_ingot":1,"minecraft:rotten_flesh":2,"iammusicplayer:boombox":13,"minecraft:carrot":1,"tac:deagle_357":1,"minecraft:wooden_pickaxe":1,"iammusicplayer:cassette_tape":17,"minecraft:written_book":7},"minecraft:killed":{"minecraft:witch":1,"minecraft:spider":3,"minecraft:slime":10,"minecraft:phantom":1,"minecraft:skeleton":3,"minecraft:horse":6,"minecraft:chicken":17,"minecraft:cat":1,"minecraft:pig":20,"enemyexpansion:ram":1,"minecraft:iron_golem":1,"minecraft:creeper":8,"minecraft:sheep":18,"minecraft:donkey":1,"minecraft:zombie":10,"minecraft:cow":26},"minecraft:crafted":{"minecraft:oak_planks":32,"minecraft:furnace":2,"minecraft:cooked_mutton":5,"minecraft:stone_pickaxe":1,"minecraft:cooked_porkchop":1,"minecraft:crafting_table":1,"minecraft:wooden_pickaxe":1,"minecraft:stone_axe":1,"minecraft:air":0,"minecraft:charcoal":12,"minecraft:stick":12,"minecraft:iron_ingot":15,"minecraft:stone_sword":1,"minecraft:torch":20},"minecraft:custom":{"minecraft:interact_with_smithing_table":2,"minecraft:mob_kills":132,"minecraft:interact_with_crafting_table":4,"minecraft:eat_cake_slice":3,"minecraft:leave_game":31,"minecraft:time_since_death":1404,"minecraft:climb_one_cm":3863,"minecraft:sprint_one_cm":573897,"minecraft:walk_one_cm":641598,"minecraft:drop":62,"minecraft:damage_dealt_absorbed":296,"minecraft:talked_to_villager":20,"minecraft:play_time":757048,"minecraft:deaths":10,"minecraft:sneak_time":5245,"minecraft:walk_under_water_one_cm":25045,"minecraft:jump":3138,"minecraft:walk_on_water_one_cm":13245,"minecraft:total_world_time":757048,"minecraft:interact_with_furnace":52,"minecraft:interact_with_stonecutter":1,"minecraft:time_since_rest":1411,"minecraft:damage_taken":2673,"minecraft:damage_dealt":3379,"minecraft:fly_one_cm":4942841,"minecraft:swim_one_cm":22586,"minecraft:open_chest":25,"minecraft:crouch_one_cm":3290,"minecraft:fall_one_cm":39363},"minecraft:killed_by":{"enemyexpansion:propeller":1,"minecraft:creeper":1,"enemyexpansion:dragonfly":1,"minecraft:skeleton":2,"enemyexpansion:invisicreeper":2}},"DataVersion":2975}