{"stats":{"minecraft:used":{"minecraft:cooked_mutton":1,"beyond_earth:nasa_workbench":2,"tac:workbench":5,"minecraft:stone_sword":2,"minecraft:oak_planks":14,"iammusicplayer:cassette_deck":3,"minecraft:stone_pickaxe":203,"minecraft:netherite_chestplate":1,"minecraft:chest":24,"securitycraft:panic_button":1,"minecraft:wooden_pickaxe":18,"minecraft:stone":2079,"securitycraft:security_camera":1,"minecraft:oak_door":3,"iammusicplayer:music_manager":32,"minecraft:torch":13,"minecraft:sand":1,"minecraft:dirt":8,"iammusicplayer:boombox":8,"minecraft:netherite_leggings":1,"minecraft:crafting_table":3,"minecraft:netherite_helmet":1,"minecraft:dripstone_block":1,"minecraft:black_bed":1,"minecraft:wooden_axe":32,"securitycraft:camera_monitor":2,"minecraft:lava_bucket":1,"minecraft:oxeye_daisy":1,"minecraft:coal_ore":5,"minecraft:villager_spawn_egg":5,"minecraft:blue_orchid":2,"minecraft:grass_block":159,"minecraft:gravel":12,"minecraft:netherite_boots":1,"beyond_earth:rocket_launch_pad":26,"minecraft:cobblestone":135,"minecraft:written_book":7,"minecraft:oak_sapling":3,"securitycraft:dirt_mine":3,"minecraft:furnace":3,"minecraft:cooked_beef":3,"alexsmobs:animal_dictionary":1,"securitycraft:alarm":1},"minecraft:mined":{"minecraft:oak_door":1,"minecraft:crafting_table":2,"minecraft:torch":1,"gravestone:gravestone":3,"minecraft:grass_block":6,"minecraft:cobblestone":34,"minecraft:oxeye_daisy":1,"minecraft:wall_torch":4,"minecraft:furnace":1,"minecraft:iron_ore":2,"minecraft:grass":2,"minecraft:coal_ore":45,"minecraft:oak_log":22,"minecraft:gravel":21,"minecraft:dripstone_block":1,"minecraft:stone":135,"minecraft:oak_leaves":8},"minecraft:picked_up":{"tac:round45":541,"minecraft:crafting_table":2,"minecraft:brown_wool":1,"minecraft:leather":7,"minecraft:flint":2,"minecraft:oak_log":22,"minecraft:gunpowder":1,"minecraft:dirt":8,"tac:bullet_308":600,"tac:ak47":1,"minecraft:blue_orchid":2,"securitycraft:security_camera":1,"tac:deagle_357":1,"minecraft:beef":11,"minecraft:rose_bush":1,"minecraft:birch_sapling":7,"minecraft:furnace":1,"minecraft:raw_iron":2,"minecraft:stick":11,"securitycraft:mine":256,"minecraft:stone":1,"tac:50bmg":90,"minecraft:oak_door":1,"minecraft:torch":5,"minecraft:dripstone_block":1,"minecraft:gravel":19,"minecraft:porkchop":2,"minecraft:pointed_dripstone":1,"tac:rpg7":2,"minecraft:grass_block":1,"tac:rpg7_missile":54,"minecraft:spider_eye":1,"alexsmobs:animal_dictionary":1,"minecraft:rotten_flesh":2,"tac:m82a2":1,"iammusicplayer:parabolic_antenna":1,"minecraft:oak_sapling":4,"tac:mk14":2,"minecraft:black_wool":2,"minecraft:mutton":8,"iammusicplayer:boombox":8,"minecraft:coal":45,"beyond_earth:rocket_launch_pad":1,"minecraft:white_wool":1,"minecraft:cobblestone":171,"minecraft:oxeye_daisy":1},"minecraft:dropped":{"tac:mk14":1,"alexsmobs:animal_dictionary":1,"beyond_earth:rocket_launch_pad":1,"tac:round45":541,"tac:bullet_308":60,"minecraft:birch_sapling":1,"securitycraft:security_camera":1,"minecraft:rotten_flesh":2,"tac:rpg7":1,"iammusicplayer:boombox":1,"minecraft:grass_block":1,"minecraft:stone":1,"beyond_earth:nasa_workbench":1,"minecraft:spider_eye":1,"tac:deagle_357":1,"minecraft:written_book":22,"tac:ak47":1,"tac:50bmg":60},"minecraft:killed":{"minecraft:pig":5,"minecraft:salmon":9,"minecraft:spider":7,"minecraft:creeper":9,"minecraft:squid":8,"minecraft:phantom":2,"minecraft:horse":3,"minecraft:sheep":14,"minecraft:skeleton":12,"alexsmobs:catfish":5,"minecraft:zombie":13,"minecraft:chicken":4,"minecraft:villager":4,"minecraft:cow":8},"minecraft:crafted":{"minecraft:cooked_beef":11,"minecraft:oak_door":3,"minecraft:oak_planks":88,"minecraft:crafting_table":1,"minecraft:wooden_pickaxe":1,"minecraft:furnace":2,"minecraft:stone":4,"minecraft:cooked_mutton":8,"minecraft:air":0,"minecraft:stick":24,"minecraft:iron_ingot":2,"minecraft:stone_pickaxe":3,"minecraft:wooden_axe":1,"minecraft:stone_sword":1,"minecraft:chest":2,"minecraft:torch":8},"minecraft:custom":{"minecraft:interact_with_furnace":16,"minecraft:mob_kills":104,"minecraft:interact_with_crafting_table":8,"minecraft:open_barrel":1,"minecraft:leave_game":8,"minecraft:time_since_death":20869,"minecraft:climb_one_cm":1540,"minecraft:time_since_rest":20882,"minecraft:damage_taken":1853,"minecraft:sprint_one_cm":170805,"minecraft:walk_one_cm":427326,"minecraft:drop":33,"minecraft:damage_dealt":1923,"minecraft:damage_dealt_absorbed":348,"minecraft:swim_one_cm":36703,"minecraft:fly_one_cm":2359479,"minecraft:open_chest":132,"minecraft:crouch_one_cm":6428,"minecraft:play_time":317232,"minecraft:deaths":5,"minecraft:sneak_time":7153,"minecraft:walk_under_water_one_cm":98391,"minecraft:jump":1918,"minecraft:walk_on_water_one_cm":103267,"minecraft:fall_one_cm":31508,"minecraft:total_world_time":317232,"minecraft:interact_with_smoker":2},"minecraft:broken":{"minecraft:stone_pickaxe":1},"minecraft:killed_by":{"minecraft:player":1,"minecraft:creeper":1,"minecraft:zombie":1,"enemyexpansion:direwolf":1}},"DataVersion":2975}