{
  "minecraft:recipes/food/bread": {
    "criteria": {
      "has_wheat": "2024-06-11 16:46:12 +0200"
    },
    "done": true
  },
  "minecraft:recipes/misc/melon_seeds": {
    "criteria": {
      "has_melon": "2024-06-11 16:46:18 +0200"
    },
    "done": true
  },
  "minecraft:husbandry/root": {
    "criteria": {
      "consumed_item": "2024-06-08 18:26:23 +0200"
    },
    "done": true
  },
  "minecraft:recipes/decorations/chest": {
    "criteria": {
      "has_lots_of_items": "2024-05-28 15:47:55 +0200"
    },
    "done": true
  },
  "iammusicplayer:iammusicplayer/listen_to_music": {
    "criteria": {
      "listen_to_music": "2024-05-28 15:47:27 +0200"
    },
    "done": true
  },
  "iammusicplayer:iammusicplayer/listen_to_remote_music": {
    "criteria": {
      "listen_to_remote_music": "2024-05-28 15:47:27 +0200"
    },
    "done": true
  },
  "alexsmobs:alexsmobs/root": {
    "criteria": {
      "useitem": "2024-06-08 18:26:23 +0200"
    },
    "done": true
  },
  "dungeons_arise:wda_root": {
    "criteria": {
      "WDA": "2024-05-28 15:44:35 +0200"
    },
    "done": true
  },
  "minecraft:recipes/building_blocks/melon": {
    "criteria": {
      "has_melon": "2024-06-11 16:46:18 +0200"
    },
    "done": true
  },
  "minecraft:recipes/brewing/glistering_melon_slice": {
    "criteria": {
      "has_melon": "2024-06-11 16:46:18 +0200"
    },
    "done": true
  },
  "iammusicplayer:iammusicplayer/root": {
    "criteria": {
      "iammusicplayer": "2024-05-28 15:45:15 +0200"
    },
    "done": true
  },
  "iammusicplayer:iammusicplayer/add_music": {
    "criteria": {
      "add_music": "2024-05-28 15:49:01 +0200"
    },
    "done": true
  },
  "minecraft:recipes/building_blocks/hay_block": {
    "criteria": {
      "has_wheat": "2024-06-11 16:46:12 +0200"
    },
    "done": true
  },
  "minecraft:recipes/brewing/cauldron": {
    "criteria": {
      "has_water_bucket": "2024-06-11 16:46:24 +0200"
    },
    "done": true
  },
  "minecraft:adventure/adventuring_time": {
    "criteria": {
      "minecraft:river": "2024-05-27 17:14:32 +0200",
      "minecraft:plains": "2024-05-27 03:01:50 +0200"
    },
    "done": false
  },
  "beyond_earth:root": {
    "criteria": {
      "tick": "2024-05-28 15:44:35 +0200"
    },
    "done": true
  },
  "DataVersion": 2975
}